,Unnamed: 0,Unnamed: 0.1,Unnamed: 0.1.1,Unnamed: 0.1.1.1,Unnamed: 0.1.1.1.1,Unnamed: 0.1.1.1.1.1,Unnamed: 0.1.1.1.1.1.1,Unnamed: 0.1.1.1.1.1.1.1,Unnamed: 0.1.1.1.1.1.1.1.1,values,names,fixed,lower_bound,upper_bound,steps,lower_start,upper_start
0,0,0,0,0,0,0,0,0,0,1.0,overall_prob,1,0,1,0.1,0.0,1.0
1,1,1,1,1,1,1,1,1,1,0.0,tshift,1,0,3,0.1,0.0,10.0
2,2,2,2,2,2,2,2,2,2,7.0,desired_mode,1,0,7,0.1,0.0,10.0
3,3,3,3,3,3,3,3,3,3,19.73598747,viral_peak,0,0,40,0.1,15.0,25.0
4,4,4,4,4,4,4,4,4,4,5.0,obs_sd,0,0,25,0.1,1.0,10.0
5,5,5,5,5,5,5,5,5,5,0.2,sd_mod,1,0,1,0.1,0.4,0.6
6,6,6,6,6,6,6,6,6,6,14.0,sd_mod_wane,1,0,14,0.1,0.0,14.0
7,7,7,7,7,7,7,7,7,7,40.0,true_0,1,40,100,0.1,40.0,100.0
8,8,8,8,8,8,8,8,8,8,40.0,intercept,1,35,100,0.1,35.0,100.0
9,9,9,9,9,9,9,9,9,9,0.1,LOD,1,0,10,0.1,0.0,10.0
10,10,10,10,10,10,10,10,10,10,1.0,incu,1,0,10,0.1,0.0,10.0
11,11,11,11,11,11,11,11,11,11,13.29211948,t_switch,0,0,30,0.1,10.0,30.0
12,12,12,12,12,12,12,12,12,12,19.0,level_switch,1,0,40,0.1,33.0,40.0
13,13,13,13,13,13,13,13,13,13,10000.0,wane_rate2,1,0,10000,0.1,10.0,50.0
14,14,14,14,14,14,14,14,14,14,0.103299323,prob_detect,0,0,1,0.1,0.01,0.1
15,15,15,15,15,15,15,15,15,15,1.0,t_unit,1,0,1,0.1,0.0,1.0
16,16,16,16,16,16,16,16,16,16,0.0,t0,1,0,100,0.1,0.0,50.0
17,17,17,17,17,17,17,17,17,17,1.0,nu,1,0,100,0.1,2.0,5.0
18,18,18,18,18,18,18,18,18,18,0.001,rho,1,0,100,0.1,0.01,0.5
19,19,19,19,19,19,19,19,19,19,-7.0,prob,0,-100,100,0.1,-1.0,1.0
20,20,20,20,20,20,20,20,20,20,-7.0,prob,0,-100,100,0.1,-1.0,1.0
21,21,21,21,21,21,21,21,21,21,-7.0,prob,0,-100,100,0.1,-1.0,1.0
22,22,22,22,22,22,22,22,22,22,-7.0,prob,0,-100,100,0.1,-1.0,1.0
23,23,23,23,23,23,23,23,23,23,-7.0,prob,0,-100,100,0.1,-1.0,1.0
24,24,24,24,24,24,24,24,24,24,-7.0,prob,0,-100,100,0.1,-1.0,1.0
25,25,25,25,25,25,25,25,25,25,-7.0,prob,0,-100,100,0.1,-1.0,1.0
26,26,26,26,26,26,26,26,26,26,-7.0,prob,0,-100,100,0.1,-1.0,1.0
27,27,27,27,27,27,27,27,27,27,-7.0,prob,0,-100,100,0.1,-1.0,1.0
28,28,28,28,28,28,28,28,28,28,-7.0,prob,0,-100,100,0.1,-1.0,1.0
29,29,29,29,29,29,29,29,29,29,-7.0,prob,0,-100,100,0.1,-1.0,1.0
30,30,30,30,30,30,30,30,30,30,-7.0,prob,0,-100,100,0.1,-1.0,1.0
31,31,31,31,31,31,31,31,31,31,-7.0,prob,0,-100,100,0.1,-1.0,1.0
32,32,32,32,32,32,32,32,32,32,-7.0,prob,0,-100,100,0.1,-1.0,1.0
33,33,33,33,33,33,33,33,33,33,-7.0,prob,0,-100,100,0.1,-1.0,1.0
34,34,34,34,34,34,34,34,34,34,-7.0,prob,0,-100,100,0.1,-1.0,1.0
35,35,35,35,35,35,35,35,35,35,-7.0,prob,0,-100,100,0.1,-1.0,1.0
36,36,36,36,36,36,36,36,36,36,-7.0,prob,0,-100,100,0.1,-1.0,1.0
37,37,37,37,37,37,37,37,37,37,-7.0,prob,0,-100,100,0.1,-1.0,1.0
38,38,38,38,38,38,38,38,38,38,-7.0,prob,0,-100,100,0.1,-1.0,1.0
39,39,39,39,39,39,39,39,39,39,-7.0,prob,0,-100,100,0.1,-1.0,1.0
40,40,40,40,40,40,40,40,40,40,-7.0,prob,0,-100,100,0.1,-1.0,1.0
41,41,41,41,41,41,41,41,41,41,-7.0,prob,0,-100,100,0.1,-1.0,1.0
42,42,42,42,42,42,42,42,42,42,-7.0,prob,0,-100,100,0.1,-1.0,1.0
43,43,43,43,43,43,43,43,43,43,-7.0,prob,0,-100,100,0.1,-1.0,1.0
44,44,44,44,44,44,44,44,44,44,-7.0,prob,0,-100,100,0.1,-1.0,1.0
45,45,45,45,45,45,45,45,45,45,-7.0,prob,0,-100,100,0.1,-1.0,1.0
46,46,46,46,46,46,46,46,46,46,-7.0,prob,0,-100,100,0.1,-1.0,1.0
47,47,47,47,47,47,47,47,47,47,-7.0,prob,0,-100,100,0.1,-1.0,1.0
48,48,48,48,48,48,48,48,48,48,-7.0,prob,0,-100,100,0.1,-1.0,1.0
49,49,49,49,49,49,49,49,49,49,-7.0,prob,0,-100,100,0.1,-1.0,1.0
50,50,50,50,50,50,50,50,50,50,-7.0,prob,0,-100,100,0.1,-1.0,1.0
51,51,51,51,51,51,51,51,51,51,-7.0,prob,0,-100,100,0.1,-1.0,1.0
52,52,52,52,52,52,52,52,52,52,-7.0,prob,0,-100,100,0.1,-1.0,1.0
53,53,53,53,53,53,53,53,53,53,-7.0,prob,0,-100,100,0.1,-1.0,1.0
54,54,54,54,54,54,54,54,54,54,-7.0,prob,0,-100,100,0.1,-1.0,1.0
55,55,55,55,55,55,55,55,55,55,-7.0,prob,0,-100,100,0.1,-1.0,1.0
56,56,56,56,56,56,56,56,56,56,-7.0,prob,0,-100,100,0.1,-1.0,1.0
57,57,57,57,57,57,57,57,57,57,-7.0,prob,0,-100,100,0.1,-1.0,1.0
58,58,58,58,58,58,58,58,58,58,-7.0,prob,0,-100,100,0.1,-1.0,1.0
59,59,59,59,59,59,59,59,59,59,-7.0,prob,0,-100,100,0.1,-1.0,1.0
60,60,60,60,60,60,60,60,60,60,-7.0,prob,0,-100,100,0.1,-1.0,1.0
61,61,61,61,61,61,61,61,61,61,-7.0,prob,0,-100,100,0.1,-1.0,1.0
62,62,62,62,62,62,62,62,62,62,-7.0,prob,0,-100,100,0.1,-1.0,1.0
63,63,63,63,63,63,63,63,63,63,-7.0,prob,0,-100,100,0.1,-1.0,1.0
64,64,64,64,64,64,64,64,64,64,-7.0,prob,0,-100,100,0.1,-1.0,1.0
65,65,65,65,65,65,65,65,65,65,-7.0,prob,0,-100,100,0.1,-1.0,1.0
66,66,66,66,66,66,66,66,66,66,-7.0,prob,0,-100,100,0.1,-1.0,1.0
67,67,67,67,67,67,67,67,67,67,-7.0,prob,0,-100,100,0.1,-1.0,1.0
68,68,68,68,68,68,68,68,68,68,-7.0,prob,0,-100,100,0.1,-1.0,1.0
69,69,69,69,69,69,69,69,69,69,-7.0,prob,0,-100,100,0.1,-1.0,1.0
70,70,70,70,70,70,70,70,70,70,-7.0,prob,0,-100,100,0.1,-1.0,1.0
71,71,71,71,71,71,71,71,71,71,-7.0,prob,0,-100,100,0.1,-1.0,1.0
72,72,72,72,72,72,72,72,72,72,-7.0,prob,0,-100,100,0.1,-1.0,1.0
73,73,73,73,73,73,73,73,73,73,-7.0,prob,0,-100,100,0.1,-1.0,1.0
74,74,74,74,74,74,74,74,74,74,-7.0,prob,0,-100,100,0.1,-1.0,1.0
75,75,75,75,75,75,75,75,75,75,-7.0,prob,0,-100,100,0.1,-1.0,1.0
76,76,76,76,76,76,76,76,76,76,-7.0,prob,0,-100,100,0.1,-1.0,1.0
77,77,77,77,77,77,77,77,77,77,-7.0,prob,0,-100,100,0.1,-1.0,1.0
78,78,78,78,78,78,78,78,78,78,-7.0,prob,0,-100,100,0.1,-1.0,1.0
79,79,79,79,79,79,79,79,79,79,-7.0,prob,0,-100,100,0.1,-1.0,1.0
80,80,80,80,80,80,80,80,80,80,-7.0,prob,0,-100,100,0.1,-1.0,1.0
81,81,81,81,81,81,81,81,81,81,-7.0,prob,0,-100,100,0.1,-1.0,1.0
82,82,82,82,82,82,82,82,82,82,-7.0,prob,0,-100,100,0.1,-1.0,1.0
83,83,83,83,83,83,83,83,83,83,-7.0,prob,0,-100,100,0.1,-1.0,1.0
84,84,84,84,84,84,84,84,84,84,-7.0,prob,0,-100,100,0.1,-1.0,1.0
85,85,85,85,85,85,85,85,85,85,-7.0,prob,0,-100,100,0.1,-1.0,1.0
86,86,86,86,86,86,86,86,86,86,-7.0,prob,0,-100,100,0.1,-1.0,1.0
87,87,87,87,87,87,87,87,87,87,-7.0,prob,0,-100,100,0.1,-1.0,1.0
88,88,88,88,88,88,88,88,88,88,-7.0,prob,0,-100,100,0.1,-1.0,1.0
89,89,89,89,89,89,89,89,89,89,-7.0,prob,0,-100,100,0.1,-1.0,1.0
90,90,90,90,90,90,90,90,90,90,-7.0,prob,0,-100,100,0.1,-1.0,1.0
91,91,91,91,91,91,91,91,91,91,-7.0,prob,0,-100,100,0.1,-1.0,1.0
92,92,92,92,92,92,92,92,92,92,-7.0,prob,0,-100,100,0.1,-1.0,1.0
93,93,93,93,93,93,93,93,93,93,-7.0,prob,0,-100,100,0.1,-1.0,1.0
94,94,94,94,94,94,94,94,94,94,-7.0,prob,0,-100,100,0.1,-1.0,1.0
95,95,95,95,95,95,95,95,95,95,-7.0,prob,0,-100,100,0.1,-1.0,1.0
96,96,96,96,96,96,96,96,96,96,-7.0,prob,0,-100,100,0.1,-1.0,1.0
97,97,97,97,97,97,97,97,97,97,-7.0,prob,0,-100,100,0.1,-1.0,1.0
98,98,98,98,98,98,98,98,98,98,-7.0,prob,0,-100,100,0.1,-1.0,1.0
99,99,99,99,99,99,99,99,99,99,-7.0,prob,0,-100,100,0.1,-1.0,1.0
100,100,100,100,100,100,100,100,100,100,-7.0,prob,0,-100,100,0.1,-1.0,1.0
101,101,101,101,101,101,101,101,101,101,-7.0,prob,0,-100,100,0.1,-1.0,1.0
102,102,102,102,102,102,102,102,102,102,-7.0,prob,0,-100,100,0.1,-1.0,1.0
103,103,103,103,103,103,103,103,103,103,-7.0,prob,0,-100,100,0.1,-1.0,1.0
104,104,104,104,104,104,104,104,104,104,-7.0,prob,0,-100,100,0.1,-1.0,1.0
105,105,105,105,105,105,105,105,105,105,-7.0,prob,0,-100,100,0.1,-1.0,1.0
106,106,106,106,106,106,106,106,106,106,-7.0,prob,0,-100,100,0.1,-1.0,1.0
107,107,107,107,107,107,107,107,107,107,-7.0,prob,0,-100,100,0.1,-1.0,1.0
108,108,108,108,108,108,108,108,108,108,-7.0,prob,0,-100,100,0.1,-1.0,1.0
109,109,109,109,109,109,109,109,109,109,-7.0,prob,0,-100,100,0.1,-1.0,1.0
110,110,110,110,110,110,110,110,110,110,-7.0,prob,0,-100,100,0.1,-1.0,1.0
111,111,111,111,111,111,111,111,111,111,-7.0,prob,0,-100,100,0.1,-1.0,1.0
112,112,112,112,112,112,112,112,112,112,-7.0,prob,0,-100,100,0.1,-1.0,1.0
113,113,113,113,113,113,113,113,113,113,-7.0,prob,0,-100,100,0.1,-1.0,1.0
114,114,114,114,114,114,114,114,114,114,-7.0,prob,0,-100,100,0.1,-1.0,1.0
115,115,115,115,115,115,115,115,115,115,-7.0,prob,0,-100,100,0.1,-1.0,1.0
116,116,116,116,116,116,116,116,116,116,-7.0,prob,0,-100,100,0.1,-1.0,1.0
117,117,117,117,117,117,117,117,117,117,-7.0,prob,0,-100,100,0.1,-1.0,1.0
118,118,118,118,118,118,118,118,118,118,-7.0,prob,0,-100,100,0.1,-1.0,1.0
119,119,119,119,119,119,119,119,119,119,-7.0,prob,0,-100,100,0.1,-1.0,1.0
120,120,120,120,120,120,120,120,120,120,-7.0,prob,0,-100,100,0.1,-1.0,1.0
121,121,121,121,121,121,121,121,121,121,-7.0,prob,0,-100,100,0.1,-1.0,1.0
122,122,122,122,122,122,122,122,122,122,-7.0,prob,0,-100,100,0.1,-1.0,1.0
123,123,123,123,123,123,123,123,123,123,-7.0,prob,0,-100,100,0.1,-1.0,1.0
124,124,124,124,124,124,124,124,124,124,-7.0,prob,0,-100,100,0.1,-1.0,1.0
125,125,125,125,125,125,125,125,125,125,-7.0,prob,0,-100,100,0.1,-1.0,1.0
126,126,126,126,126,126,126,126,126,126,-7.0,prob,0,-100,100,0.1,-1.0,1.0
127,127,127,127,127,127,127,127,127,127,-7.0,prob,0,-100,100,0.1,-1.0,1.0
128,128,128,128,128,128,128,128,128,128,-7.0,prob,0,-100,100,0.1,-1.0,1.0
129,129,129,129,129,129,129,129,129,129,-7.0,prob,0,-100,100,0.1,-1.0,1.0
130,130,130,130,130,130,130,130,130,130,-7.0,prob,0,-100,100,0.1,-1.0,1.0
131,131,131,131,131,131,131,131,131,131,-7.0,prob,0,-100,100,0.1,-1.0,1.0
132,132,132,132,132,132,132,132,132,132,-7.0,prob,0,-100,100,0.1,-1.0,1.0
133,133,133,133,133,133,133,133,133,133,-7.0,prob,0,-100,100,0.1,-1.0,1.0
134,134,134,134,134,134,134,134,134,134,-7.0,prob,0,-100,100,0.1,-1.0,1.0
135,135,135,135,135,135,135,135,135,135,-7.0,prob,0,-100,100,0.1,-1.0,1.0
136,136,136,136,136,136,136,136,136,136,-7.0,prob,0,-100,100,0.1,-1.0,1.0
137,137,137,137,137,137,137,137,137,137,-7.0,prob,0,-100,100,0.1,-1.0,1.0
138,138,138,138,138,138,138,138,138,138,-7.0,prob,0,-100,100,0.1,-1.0,1.0
139,139,139,139,139,139,139,139,139,139,-7.0,prob,0,-100,100,0.1,-1.0,1.0
140,140,140,140,140,140,140,140,140,140,-7.0,prob,0,-100,100,0.1,-1.0,1.0
141,141,141,141,141,141,141,141,141,141,-7.0,prob,0,-100,100,0.1,-1.0,1.0
142,142,142,142,142,142,142,142,142,142,-7.0,prob,0,-100,100,0.1,-1.0,1.0
143,143,143,143,143,143,143,143,143,143,-7.0,prob,0,-100,100,0.1,-1.0,1.0
144,144,144,144,144,144,144,144,144,144,-7.0,prob,0,-100,100,0.1,-1.0,1.0
145,145,145,145,145,145,145,145,145,145,-7.0,prob,0,-100,100,0.1,-1.0,1.0
146,146,146,146,146,146,146,146,146,146,-7.0,prob,0,-100,100,0.1,-1.0,1.0
147,147,147,147,147,147,147,147,147,147,-7.0,prob,0,-100,100,0.1,-1.0,1.0
148,148,148,148,148,148,148,148,148,148,-7.0,prob,0,-100,100,0.1,-1.0,1.0
149,149,149,149,149,149,149,149,149,149,-7.0,prob,0,-100,100,0.1,-1.0,1.0
150,150,150,150,150,150,150,150,150,150,-7.0,prob,0,-100,100,0.1,-1.0,1.0
151,151,151,151,151,151,151,151,151,151,-7.0,prob,0,-100,100,0.1,-1.0,1.0
152,152,152,152,152,152,152,152,152,152,-7.0,prob,0,-100,100,0.1,-1.0,1.0
153,153,153,153,153,153,153,153,153,153,-7.0,prob,0,-100,100,0.1,-1.0,1.0
154,154,154,154,154,154,154,154,154,154,-7.0,prob,0,-100,100,0.1,-1.0,1.0
155,155,155,155,155,155,155,155,155,155,-7.0,prob,0,-100,100,0.1,-1.0,1.0
156,156,156,156,156,156,156,156,156,156,-7.0,prob,0,-100,100,0.1,-1.0,1.0
157,157,157,157,157,157,157,157,157,157,-7.0,prob,0,-100,100,0.1,-1.0,1.0
158,158,158,158,158,158,158,158,158,158,-7.0,prob,0,-100,100,0.1,-1.0,1.0
159,159,159,159,159,159,159,159,159,159,-7.0,prob,0,-100,100,0.1,-1.0,1.0
160,160,160,160,160,160,160,160,160,160,-7.0,prob,0,-100,100,0.1,-1.0,1.0
161,161,161,161,161,161,161,161,161,161,-7.0,prob,0,-100,100,0.1,-1.0,1.0
162,162,162,162,162,162,162,162,162,162,-7.0,prob,0,-100,100,0.1,-1.0,1.0
163,163,163,163,163,163,163,163,163,163,-7.0,prob,0,-100,100,0.1,-1.0,1.0
164,164,164,164,164,164,164,164,164,164,-7.0,prob,0,-100,100,0.1,-1.0,1.0
165,165,165,165,165,165,165,165,165,165,-7.0,prob,0,-100,100,0.1,-1.0,1.0
166,166,166,166,166,166,166,166,166,166,-7.0,prob,0,-100,100,0.1,-1.0,1.0
167,167,167,167,167,167,167,167,167,167,-7.0,prob,0,-100,100,0.1,-1.0,1.0
168,168,168,168,168,168,168,168,168,168,-7.0,prob,0,-100,100,0.1,-1.0,1.0
169,169,169,169,169,169,169,169,169,169,-7.0,prob,0,-100,100,0.1,-1.0,1.0
170,170,170,170,170,170,170,170,170,170,-7.0,prob,0,-100,100,0.1,-1.0,1.0
171,171,171,171,171,171,171,171,171,171,-7.0,prob,0,-100,100,0.1,-1.0,1.0
172,172,172,172,172,172,172,172,172,172,-7.0,prob,0,-100,100,0.1,-1.0,1.0
173,173,173,173,173,173,173,173,173,173,-7.0,prob,0,-100,100,0.1,-1.0,1.0
174,174,174,174,174,174,174,174,174,174,-7.0,prob,0,-100,100,0.1,-1.0,1.0
175,175,175,175,175,175,175,175,175,175,-7.0,prob,0,-100,100,0.1,-1.0,1.0
176,176,176,176,176,176,176,176,176,176,-7.0,prob,0,-100,100,0.1,-1.0,1.0
177,177,177,177,177,177,177,177,177,177,-7.0,prob,0,-100,100,0.1,-1.0,1.0
178,178,178,178,178,178,178,178,178,178,-7.0,prob,0,-100,100,0.1,-1.0,1.0
179,179,179,179,179,179,179,179,179,179,-7.0,prob,0,-100,100,0.1,-1.0,1.0
180,180,180,180,180,180,180,180,180,180,-7.0,prob,0,-100,100,0.1,-1.0,1.0
181,181,181,181,181,181,181,181,181,181,-7.0,prob,0,-100,100,0.1,-1.0,1.0
182,182,182,182,182,182,182,182,182,182,-7.0,prob,0,-100,100,0.1,-1.0,1.0
183,183,183,183,183,183,183,183,183,183,-7.0,prob,0,-100,100,0.1,-1.0,1.0
184,184,184,184,184,184,184,184,184,184,-7.0,prob,0,-100,100,0.1,-1.0,1.0
185,185,185,185,185,185,185,185,185,185,-7.0,prob,0,-100,100,0.1,-1.0,1.0
186,186,186,186,186,186,186,186,186,186,-7.0,prob,0,-100,100,0.1,-1.0,1.0
187,187,187,187,187,187,187,187,187,187,-7.0,prob,0,-100,100,0.1,-1.0,1.0
188,188,188,188,188,188,188,188,188,188,-7.0,prob,0,-100,100,0.1,-1.0,1.0
189,189,189,189,189,189,189,189,189,189,-7.0,prob,0,-100,100,0.1,-1.0,1.0
190,190,190,190,190,190,190,190,190,190,-7.0,prob,0,-100,100,0.1,-1.0,1.0
191,191,191,191,191,191,191,191,191,191,-7.0,prob,0,-100,100,0.1,-1.0,1.0
192,192,192,192,192,192,192,192,192,192,-7.0,prob,0,-100,100,0.1,-1.0,1.0
193,193,193,193,193,193,193,193,193,193,-7.0,prob,0,-100,100,0.1,-1.0,1.0
194,194,194,194,194,194,194,194,194,194,-7.0,prob,0,-100,100,0.1,-1.0,1.0
195,195,195,195,195,195,195,195,195,195,-7.0,prob,0,-100,100,0.1,-1.0,1.0
196,196,196,196,196,196,196,196,196,196,-7.0,prob,0,-100,100,0.1,-1.0,1.0
197,197,197,197,197,197,197,197,197,197,-7.0,prob,0,-100,100,0.1,-1.0,1.0
198,198,198,198,198,198,198,198,198,198,-7.0,prob,0,-100,100,0.1,-1.0,1.0
199,199,199,199,199,199,199,199,199,199,-7.0,prob,0,-100,100,0.1,-1.0,1.0
200,200,200,200,200,200,200,200,200,200,-7.0,prob,0,-100,100,0.1,-1.0,1.0
201,201,201,201,201,201,201,201,201,201,-7.0,prob,0,-100,100,0.1,-1.0,1.0
202,202,202,202,202,202,202,202,202,202,-7.0,prob,0,-100,100,0.1,-1.0,1.0
203,203,203,203,203,203,203,203,203,203,-7.0,prob,0,-100,100,0.1,-1.0,1.0
204,204,204,204,204,204,204,204,204,204,-7.0,prob,0,-100,100,0.1,-1.0,1.0
205,205,205,205,205,205,205,205,205,205,-7.0,prob,0,-100,100,0.1,-1.0,1.0
206,206,206,206,206,206,206,206,206,206,-7.0,prob,0,-100,100,0.1,-1.0,1.0
207,207,207,207,207,207,207,207,207,207,-7.0,prob,0,-100,100,0.1,-1.0,1.0
208,208,208,208,208,208,208,208,208,208,-7.0,prob,0,-100,100,0.1,-1.0,1.0
209,209,209,209,209,209,209,209,209,209,-7.0,prob,0,-100,100,0.1,-1.0,1.0
210,210,210,210,210,210,210,210,210,210,-7.0,prob,0,-100,100,0.1,-1.0,1.0
211,211,211,211,211,211,211,211,211,211,-7.0,prob,0,-100,100,0.1,-1.0,1.0
212,212,212,212,212,212,212,212,212,212,-7.0,prob,0,-100,100,0.1,-1.0,1.0
213,213,213,213,213,213,213,213,213,213,-7.0,prob,0,-100,100,0.1,-1.0,1.0
214,214,214,214,214,214,214,214,214,214,-7.0,prob,0,-100,100,0.1,-1.0,1.0
215,215,215,215,215,215,215,215,215,215,-7.0,prob,0,-100,100,0.1,-1.0,1.0
216,216,216,216,216,216,216,216,216,216,-7.0,prob,0,-100,100,0.1,-1.0,1.0
217,217,217,217,217,217,217,217,217,217,-7.0,prob,0,-100,100,0.1,-1.0,1.0
218,218,218,218,218,218,218,218,218,218,-7.0,prob,0,-100,100,0.1,-1.0,1.0
219,219,219,219,219,219,219,219,219,219,-7.0,prob,0,-100,100,0.1,-1.0,1.0
220,220,220,220,220,220,220,220,220,220,-7.0,prob,0,-100,100,0.1,-1.0,1.0
221,221,221,221,221,221,221,221,221,221,-7.0,prob,0,-100,100,0.1,-1.0,1.0
222,222,222,222,222,222,222,222,222,222,-7.0,prob,0,-100,100,0.1,-1.0,1.0
223,223,223,223,223,223,223,223,223,223,-7.0,prob,0,-100,100,0.1,-1.0,1.0
224,224,224,224,224,224,224,224,224,224,-7.0,prob,0,-100,100,0.1,-1.0,1.0
225,225,225,225,225,225,225,225,225,225,-7.0,prob,0,-100,100,0.1,-1.0,1.0
226,226,226,226,226,226,226,226,226,226,-7.0,prob,0,-100,100,0.1,-1.0,1.0
227,227,227,227,227,227,227,227,227,227,-7.0,prob,0,-100,100,0.1,-1.0,1.0
228,228,228,228,228,228,228,228,228,228,-7.0,prob,0,-100,100,0.1,-1.0,1.0
229,229,229,229,229,229,229,229,229,229,-7.0,prob,0,-100,100,0.1,-1.0,1.0
230,230,230,230,230,230,230,230,230,230,-7.0,prob,0,-100,100,0.1,-1.0,1.0
231,231,231,231,231,231,231,231,231,231,-7.0,prob,0,-100,100,0.1,-1.0,1.0
232,232,232,232,232,232,232,232,232,232,-7.0,prob,0,-100,100,0.1,-1.0,1.0
233,233,233,233,233,233,233,233,233,233,-7.0,prob,0,-100,100,0.1,-1.0,1.0
234,234,234,234,234,234,234,234,234,234,-7.0,prob,0,-100,100,0.1,-1.0,1.0
235,235,235,235,235,235,235,235,235,235,-7.0,prob,0,-100,100,0.1,-1.0,1.0
236,236,236,236,236,236,236,236,236,236,-7.0,prob,0,-100,100,0.1,-1.0,1.0
237,237,237,237,237,237,237,237,237,237,-7.0,prob,0,-100,100,0.1,-1.0,1.0
238,238,238,238,238,238,238,238,238,238,-7.0,prob,0,-100,100,0.1,-1.0,1.0
239,239,239,239,239,239,239,239,239,239,-7.0,prob,0,-100,100,0.1,-1.0,1.0
240,240,240,240,240,240,240,240,240,240,-7.0,prob,0,-100,100,0.1,-1.0,1.0
241,241,241,241,241,241,241,241,241,241,-7.0,prob,0,-100,100,0.1,-1.0,1.0
242,242,242,242,242,242,242,242,242,242,-7.0,prob,0,-100,100,0.1,-1.0,1.0
243,243,243,243,243,243,243,243,243,243,-7.0,prob,0,-100,100,0.1,-1.0,1.0
244,244,244,244,244,244,244,244,244,244,-7.0,prob,0,-100,100,0.1,-1.0,1.0
245,245,245,245,245,245,245,245,245,245,-7.0,prob,0,-100,100,0.1,-1.0,1.0
246,246,246,246,246,246,246,246,246,246,-7.0,prob,0,-100,100,0.1,-1.0,1.0
247,247,247,247,247,247,247,247,247,247,-7.0,prob,0,-100,100,0.1,-1.0,1.0
248,248,248,248,248,248,248,248,248,248,-7.0,prob,0,-100,100,0.1,-1.0,1.0
249,249,249,249,249,249,249,249,249,249,-7.0,prob,0,-100,100,0.1,-1.0,1.0
250,250,250,250,250,250,250,250,250,250,-7.0,prob,0,-100,100,0.1,-1.0,1.0
251,251,251,251,251,251,251,251,251,251,-7.0,prob,0,-100,100,0.1,-1.0,1.0
252,252,252,252,252,252,252,252,252,252,-7.0,prob,0,-100,100,0.1,-1.0,1.0
253,253,253,253,253,253,253,253,253,253,-7.0,prob,0,-100,100,0.1,-1.0,1.0
254,254,254,254,254,254,254,254,254,254,-7.0,prob,0,-100,100,0.1,-1.0,1.0
255,255,255,255,255,255,255,255,255,255,-7.0,prob,0,-100,100,0.1,-1.0,1.0
256,256,256,256,256,256,256,256,256,256,-7.0,prob,0,-100,100,0.1,-1.0,1.0
257,257,257,257,257,257,257,257,257,257,-7.0,prob,0,-100,100,0.1,-1.0,1.0
258,258,258,258,258,258,258,258,258,258,-7.0,prob,0,-100,100,0.1,-1.0,1.0
259,259,259,259,259,259,259,259,259,259,-7.0,prob,0,-100,100,0.1,-1.0,1.0
260,260,260,260,260,260,260,260,260,260,-7.0,prob,0,-100,100,0.1,-1.0,1.0
261,261,261,261,261,261,261,261,261,261,-7.0,prob,0,-100,100,0.1,-1.0,1.0
262,262,262,262,262,262,262,262,262,262,-7.0,prob,0,-100,100,0.1,-1.0,1.0
263,263,263,263,263,263,263,263,263,263,-7.0,prob,0,-100,100,0.1,-1.0,1.0
264,264,264,264,264,264,264,264,264,264,-7.0,prob,0,-100,100,0.1,-1.0,1.0
265,265,265,265,265,265,265,265,265,265,-7.0,prob,0,-100,100,0.1,-1.0,1.0
266,266,266,266,266,266,266,266,266,266,-7.0,prob,0,-100,100,0.1,-1.0,1.0
267,267,267,267,267,267,267,267,267,267,-7.0,prob,0,-100,100,0.1,-1.0,1.0
268,268,268,268,268,268,268,268,268,268,-7.0,prob,0,-100,100,0.1,-1.0,1.0
269,269,269,269,269,269,269,269,269,269,-7.0,prob,0,-100,100,0.1,-1.0,1.0
270,270,270,270,270,270,270,270,270,270,-7.0,prob,0,-100,100,0.1,-1.0,1.0
271,271,271,271,271,271,271,271,271,271,-7.0,prob,0,-100,100,0.1,-1.0,1.0
272,272,272,272,272,272,272,272,272,272,-7.0,prob,0,-100,100,0.1,-1.0,1.0
273,273,273,273,273,273,273,273,273,273,-7.0,prob,0,-100,100,0.1,-1.0,1.0
274,274,274,274,274,274,274,274,274,274,-7.0,prob,0,-100,100,0.1,-1.0,1.0
275,275,275,275,275,275,275,275,275,275,-7.0,prob,0,-100,100,0.1,-1.0,1.0
276,276,276,276,276,276,276,276,276,276,-7.0,prob,0,-100,100,0.1,-1.0,1.0
277,277,277,277,277,277,277,277,277,277,-7.0,prob,0,-100,100,0.1,-1.0,1.0
278,278,278,278,278,278,278,278,278,278,-7.0,prob,0,-100,100,0.1,-1.0,1.0
279,279,279,279,279,279,279,279,279,279,-7.0,prob,0,-100,100,0.1,-1.0,1.0
280,280,280,280,280,280,280,280,280,280,-7.0,prob,0,-100,100,0.1,-1.0,1.0
281,281,281,281,281,281,281,281,281,281,-7.0,prob,0,-100,100,0.1,-1.0,1.0
282,282,282,282,282,282,282,282,282,282,-7.0,prob,0,-100,100,0.1,-1.0,1.0
283,283,283,283,283,283,283,283,283,283,-7.0,prob,0,-100,100,0.1,-1.0,1.0
284,284,284,284,284,284,284,284,284,284,-7.0,prob,0,-100,100,0.1,-1.0,1.0
285,285,285,285,285,285,285,285,285,285,-7.0,prob,0,-100,100,0.1,-1.0,1.0
286,286,286,286,286,286,286,286,286,286,-7.0,prob,0,-100,100,0.1,-1.0,1.0
287,287,287,287,287,287,287,287,287,287,-7.0,prob,0,-100,100,0.1,-1.0,1.0
288,288,288,288,288,288,288,288,288,288,-7.0,prob,0,-100,100,0.1,-1.0,1.0
289,289,289,289,289,289,289,289,289,289,-7.0,prob,0,-100,100,0.1,-1.0,1.0
290,290,290,290,290,290,290,290,290,290,-7.0,prob,0,-100,100,0.1,-1.0,1.0
291,291,291,291,291,291,291,291,291,291,-7.0,prob,0,-100,100,0.1,-1.0,1.0
292,292,292,292,292,292,292,292,292,292,-7.0,prob,0,-100,100,0.1,-1.0,1.0
293,293,293,293,293,293,293,293,293,293,-7.0,prob,0,-100,100,0.1,-1.0,1.0
294,294,294,294,294,294,294,294,294,294,-7.0,prob,0,-100,100,0.1,-1.0,1.0
295,295,295,295,295,295,295,295,295,295,-7.0,prob,0,-100,100,0.1,-1.0,1.0
296,296,296,296,296,296,296,296,296,296,-7.0,prob,0,-100,100,0.1,-1.0,1.0
297,297,297,297,297,297,297,297,297,297,-7.0,prob,0,-100,100,0.1,-1.0,1.0
298,298,298,298,298,298,298,298,298,298,-7.0,prob,0,-100,100,0.1,-1.0,1.0
299,299,299,299,299,299,299,299,299,299,-7.0,prob,0,-100,100,0.1,-1.0,1.0
300,300,300,300,300,300,300,300,300,300,-7.0,prob,0,-100,100,0.1,-1.0,1.0
301,301,301,301,301,301,301,301,301,301,-7.0,prob,0,-100,100,0.1,-1.0,1.0
302,302,302,302,302,302,302,302,302,302,-7.0,prob,0,-100,100,0.1,-1.0,1.0
303,303,303,303,303,303,303,303,303,303,-7.0,prob,0,-100,100,0.1,-1.0,1.0
304,304,304,304,304,304,304,304,304,304,-7.0,prob,0,-100,100,0.1,-1.0,1.0
305,305,305,305,305,305,305,305,305,305,-7.0,prob,0,-100,100,0.1,-1.0,1.0
306,306,306,306,306,306,306,306,306,306,-7.0,prob,0,-100,100,0.1,-1.0,1.0
307,307,307,307,307,307,307,307,307,307,-7.0,prob,0,-100,100,0.1,-1.0,1.0
308,308,308,308,308,308,308,308,308,308,-7.0,prob,0,-100,100,0.1,-1.0,1.0
309,309,309,309,309,309,309,309,309,309,-7.0,prob,0,-100,100,0.1,-1.0,1.0
310,310,310,310,310,310,310,310,310,310,-7.0,prob,0,-100,100,0.1,-1.0,1.0
311,311,311,311,311,311,311,311,311,311,-7.0,prob,0,-100,100,0.1,-1.0,1.0
312,312,312,312,312,312,312,312,312,312,-7.0,prob,0,-100,100,0.1,-1.0,1.0
313,313,313,313,313,313,313,313,313,313,-7.0,prob,0,-100,100,0.1,-1.0,1.0
314,314,314,314,314,314,314,314,314,314,-7.0,prob,0,-100,100,0.1,-1.0,1.0
315,315,315,315,315,315,315,315,315,315,-7.0,prob,0,-100,100,0.1,-1.0,1.0
316,316,316,316,316,316,316,316,316,316,-7.0,prob,0,-100,100,0.1,-1.0,1.0
317,317,317,317,317,317,317,317,317,317,-7.0,prob,0,-100,100,0.1,-1.0,1.0
318,318,318,318,318,318,318,318,318,318,-7.0,prob,0,-100,100,0.1,-1.0,1.0
319,319,319,319,319,319,319,319,319,319,-7.0,prob,0,-100,100,0.1,-1.0,1.0
320,320,320,320,320,320,320,320,320,320,-7.0,prob,0,-100,100,0.1,-1.0,1.0
321,321,321,321,321,321,321,321,321,321,-7.0,prob,0,-100,100,0.1,-1.0,1.0
322,322,322,322,322,322,322,322,322,322,-7.0,prob,0,-100,100,0.1,-1.0,1.0
323,323,323,323,323,323,323,323,323,323,-7.0,prob,0,-100,100,0.1,-1.0,1.0
324,324,324,324,324,324,324,324,324,324,-7.0,prob,0,-100,100,0.1,-1.0,1.0
325,325,325,325,325,325,325,325,325,325,-7.0,prob,0,-100,100,0.1,-1.0,1.0
326,326,326,326,326,326,326,326,326,326,-7.0,prob,0,-100,100,0.1,-1.0,1.0
327,327,327,327,327,327,327,327,327,327,-7.0,prob,0,-100,100,0.1,-1.0,1.0
328,328,328,328,328,328,328,328,328,328,-7.0,prob,0,-100,100,0.1,-1.0,1.0
329,329,329,329,329,329,329,329,329,329,-7.0,prob,0,-100,100,0.1,-1.0,1.0
330,330,330,330,330,330,330,330,330,330,-7.0,prob,0,-100,100,0.1,-1.0,1.0
331,331,331,331,331,331,331,331,331,331,-7.0,prob,0,-100,100,0.1,-1.0,1.0
332,332,332,332,332,332,332,332,332,332,-7.0,prob,0,-100,100,0.1,-1.0,1.0
333,333,333,333,333,333,333,333,333,333,-7.0,prob,0,-100,100,0.1,-1.0,1.0
334,334,334,334,334,334,334,334,334,334,-7.0,prob,0,-100,100,0.1,-1.0,1.0
335,335,335,335,335,335,335,335,335,335,-7.0,prob,0,-100,100,0.1,-1.0,1.0
336,336,336,336,336,336,336,336,336,336,-7.0,prob,0,-100,100,0.1,-1.0,1.0
337,337,337,337,337,337,337,337,337,337,-7.0,prob,0,-100,100,0.1,-1.0,1.0
338,338,338,338,338,338,338,338,338,338,-7.0,prob,0,-100,100,0.1,-1.0,1.0
339,339,339,339,339,339,339,339,339,339,-7.0,prob,0,-100,100,0.1,-1.0,1.0
340,340,340,340,340,340,340,340,340,340,-7.0,prob,0,-100,100,0.1,-1.0,1.0
341,341,341,341,341,341,341,341,341,341,-7.0,prob,0,-100,100,0.1,-1.0,1.0
342,342,342,342,342,342,342,342,342,342,-7.0,prob,0,-100,100,0.1,-1.0,1.0
343,343,343,343,343,343,343,343,343,343,-7.0,prob,0,-100,100,0.1,-1.0,1.0
344,344,344,344,344,344,344,344,344,344,-7.0,prob,0,-100,100,0.1,-1.0,1.0
345,345,345,345,345,345,345,345,345,345,-7.0,prob,0,-100,100,0.1,-1.0,1.0
346,346,346,346,346,346,346,346,346,346,-7.0,prob,0,-100,100,0.1,-1.0,1.0
347,347,347,347,347,347,347,347,347,347,-7.0,prob,0,-100,100,0.1,-1.0,1.0
348,348,348,348,348,348,348,348,348,348,-7.0,prob,0,-100,100,0.1,-1.0,1.0
349,349,349,349,349,349,349,349,349,349,-7.0,prob,0,-100,100,0.1,-1.0,1.0
350,350,350,350,350,350,350,350,350,350,-7.0,prob,0,-100,100,0.1,-1.0,1.0
351,351,351,351,351,351,351,351,351,351,-7.0,prob,0,-100,100,0.1,-1.0,1.0
352,352,352,352,352,352,352,352,352,352,-7.0,prob,0,-100,100,0.1,-1.0,1.0
353,353,353,353,353,353,353,353,353,353,-7.0,prob,0,-100,100,0.1,-1.0,1.0
354,354,354,354,354,354,354,354,354,354,-7.0,prob,0,-100,100,0.1,-1.0,1.0
355,355,355,355,355,355,355,355,355,355,-7.0,prob,0,-100,100,0.1,-1.0,1.0
356,356,356,356,356,356,356,356,356,356,-7.0,prob,0,-100,100,0.1,-1.0,1.0
357,357,357,357,357,357,357,357,357,357,-7.0,prob,0,-100,100,0.1,-1.0,1.0
358,358,358,358,358,358,358,358,358,358,-7.0,prob,0,-100,100,0.1,-1.0,1.0
359,359,359,359,359,359,359,359,359,359,-7.0,prob,0,-100,100,0.1,-1.0,1.0
360,360,360,360,360,360,360,360,360,360,-7.0,prob,0,-100,100,0.1,-1.0,1.0
361,361,361,361,361,361,361,361,361,361,-7.0,prob,0,-100,100,0.1,-1.0,1.0
362,362,362,362,362,362,362,362,362,362,-7.0,prob,0,-100,100,0.1,-1.0,1.0
363,363,363,363,363,363,363,363,363,363,-7.0,prob,0,-100,100,0.1,-1.0,1.0
364,364,364,364,364,364,364,364,364,364,-7.0,prob,0,-100,100,0.1,-1.0,1.0
365,365,365,365,365,365,365,365,365,365,-7.0,prob,0,-100,100,0.1,-1.0,1.0
366,366,366,366,366,366,366,366,366,366,-7.0,prob,0,-100,100,0.1,-1.0,1.0
367,367,367,367,367,367,367,367,367,367,-7.0,prob,0,-100,100,0.1,-1.0,1.0
368,368,368,368,368,368,368,368,368,368,-7.0,prob,0,-100,100,0.1,-1.0,1.0
369,369,369,369,369,369,369,369,369,369,-7.0,prob,0,-100,100,0.1,-1.0,1.0
370,370,370,370,370,370,370,370,370,370,-7.0,prob,0,-100,100,0.1,-1.0,1.0
371,371,371,371,371,371,371,371,371,371,-7.0,prob,0,-100,100,0.1,-1.0,1.0
372,372,372,372,372,372,372,372,372,372,-7.0,prob,0,-100,100,0.1,-1.0,1.0
373,373,373,373,373,373,373,373,373,373,-7.0,prob,0,-100,100,0.1,-1.0,1.0
374,374,374,374,374,374,374,374,374,374,-7.0,prob,0,-100,100,0.1,-1.0,1.0
375,375,375,375,375,375,375,375,375,375,-7.0,prob,0,-100,100,0.1,-1.0,1.0
376,376,376,376,376,376,376,376,376,376,-7.0,prob,0,-100,100,0.1,-1.0,1.0
377,377,377,377,377,377,377,377,377,377,-7.0,prob,0,-100,100,0.1,-1.0,1.0
378,378,378,378,378,378,378,378,378,378,-7.0,prob,0,-100,100,0.1,-1.0,1.0
379,379,379,379,379,379,379,379,379,379,-7.0,prob,0,-100,100,0.1,-1.0,1.0
380,380,380,380,380,380,380,380,380,380,-7.0,prob,0,-100,100,0.1,-1.0,1.0
381,381,381,381,381,381,381,381,381,381,-7.0,prob,0,-100,100,0.1,-1.0,1.0
382,382,382,382,382,382,382,382,382,382,-7.0,prob,0,-100,100,0.1,-1.0,1.0
383,383,383,383,383,383,383,383,383,383,-7.0,prob,0,-100,100,0.1,-1.0,1.0
384,384,384,384,384,384,384,384,384,384,-7.0,prob,0,-100,100,0.1,-1.0,1.0
385,385,385,385,385,385,385,385,385,385,-7.0,prob,0,-100,100,0.1,-1.0,1.0
386,386,386,386,386,386,386,386,386,386,-7.0,prob,0,-100,100,0.1,-1.0,1.0
387,387,387,387,387,387,387,387,387,387,-7.0,prob,0,-100,100,0.1,-1.0,1.0
388,388,388,388,388,388,388,388,388,388,-7.0,prob,0,-100,100,0.1,-1.0,1.0
389,389,389,389,389,389,389,389,389,389,-7.0,prob,0,-100,100,0.1,-1.0,1.0
390,390,390,390,390,390,390,390,390,390,-7.0,prob,0,-100,100,0.1,-1.0,1.0
391,391,391,391,391,391,391,391,391,391,-7.0,prob,0,-100,100,0.1,-1.0,1.0
392,392,392,392,392,392,392,392,392,392,-7.0,prob,0,-100,100,0.1,-1.0,1.0
393,393,393,393,393,393,393,393,393,393,-7.0,prob,0,-100,100,0.1,-1.0,1.0
394,394,394,394,394,394,394,394,394,394,-7.0,prob,0,-100,100,0.1,-1.0,1.0
395,395,395,395,395,395,395,395,395,395,-7.0,prob,0,-100,100,0.1,-1.0,1.0
396,396,396,396,396,396,396,396,396,396,-7.0,prob,0,-100,100,0.1,-1.0,1.0
397,397,397,397,397,397,397,397,397,397,-7.0,prob,0,-100,100,0.1,-1.0,1.0
398,398,398,398,398,398,398,398,398,398,-7.0,prob,0,-100,100,0.1,-1.0,1.0
399,399,399,399,399,399,399,399,399,399,-7.0,prob,0,-100,100,0.1,-1.0,1.0
400,400,400,400,400,400,400,400,400,400,-7.0,prob,0,-100,100,0.1,-1.0,1.0
401,401,401,401,401,401,401,401,401,401,-7.0,prob,0,-100,100,0.1,-1.0,1.0
402,402,402,402,402,402,402,402,402,402,-7.0,prob,0,-100,100,0.1,-1.0,1.0
403,403,403,403,403,403,403,403,403,403,-7.0,prob,0,-100,100,0.1,-1.0,1.0
404,404,404,404,404,404,404,404,404,404,-7.0,prob,0,-100,100,0.1,-1.0,1.0
